{
  "prepare_queue": {
    "installed": [],
    "uninstalled": []
  },
  "config_munge": {
    "files": {}
  },
  "installed_plugins": {
    "cordova-plugin-geolocation": {
      "GPS_REQUIRED": "true",
      "PACKAGE_NAME": "io.cordova.hellocordova"
    },
    "cordova-plugin-whitelist": {
      "PACKAGE_NAME": "io.cordova.hellocordova"
    }
  },
  "dependent_plugins": {},
  "modules": [],
  "plugin_metadata": {
    "cordova-plugin-geolocation": "4.1.0",
    "cordova-plugin-whitelist": "1.3.5"
  }
}
